Content,Preprocessed_Content
All human beings are born free and equal in dignity and rights. They are endowed with reason and conscience and should act towards one another in a spirit of brotherhood.,human being born free equal dignity right endowed reason conscience act towards one another spirit brotherhood
"Everyone is entitled in full equality to a fair and public hearing by an independent and impartial tribunal, in the determination of his rights and obligations and of any criminal charge against him.",everyone entitled full equality fair public hearing independent impartial tribunal determination right obligation criminal charge
"- Everyone charged with a penal offence has the right to be presumed innocent until proved guilty according to law in a public trial at which he has had all the guarantees necessary for his defence.
- No one shall be held guilty of any penal offence on account of any act or omission which did not constitute a penal offence, under national or international law, at the time when it was committed. Nor shall a heavier penalty be imposed than the one that was applicable at the time the penal offence was committed.",everyone charged penal offence right presumed innocent proved guilty according law public trial guarantee necessary defence one shall held guilty penal offence account act omission constitute penal offence national international law time committed shall heavier penalty imposed one applicable time penal offence committed
"No one shall be subjected to arbitrary interference with his privacy, family, home or correspondence, nor to attacks upon his honour and reputation. Everyone has the right to the protection of the law against such interference or attacks.",one shall subjected arbitrary interference privacy family home correspondence attack upon honour reputation everyone right protection law interference attack
"- Everyone has the right to freedom of movement and residence within the borders of each state.
- Everyone has the right to leave any country, including his own, and to return to his country.",everyone right freedom movement residence within border state everyone right leave country including return country
"- Everyone has the right to seek and to enjoy in other countries asylum from persecution.
- This right may not be invoked in the case of prosecutions genuinely arising from non-political crimes or from acts contrary to the purposes and principles of the United Nations.",everyone right seek enjoy country asylum persecution right may invoked case prosecution genuinely arising nonpolitical crime act contrary purpose principle united nation
"- Everyone has the right to a nationality.
- No one shall be arbitrarily deprived of his nationality nor denied the right to change his nationality.",everyone right nationality one shall arbitrarily deprived nationality denied right change nationality
"- Men and women of full age, without any limitation due to race, nationality or religion, have the right to marry and to found a family. They are entitled to equal rights as to marriage, during marriage and at its dissolution.
- Marriage shall be entered into only with the free and full consent of the intending spouses.
- The family is the natural and fundamental group unit of society and is entitled to protection by society and the State.",men woman full age without limitation due race nationality religion right marry found family entitled equal right marriage marriage dissolution marriage shall entered free full consent intending spouse family natural fundamental group unit society entitled protection society state
"- Everyone has the right to own property alone as well as in association with others.
- No one shall be arbitrarily deprived of his property.",everyone right property alone well association others one shall arbitrarily deprived property
"Everyone has the right to freedom of thought, conscience and religion; this right includes freedom to change his religion or belief, and freedom, either alone or in community with others and in public or private, to manifest his religion or belief in teaching, practice, worship and observance.",everyone right freedom thought conscience religion right includes freedom change religion belief freedom either alone community others public private manifest religion belief teaching practice worship observance
"Everyone has the right to freedom of opinion and expression; this right includes freedom to hold opinions without interference and to seek, receive and impart information and ideas through any media and regardless of frontiers.",everyone right freedom opinion expression right includes freedom hold opinion without interference seek receive impart information idea medium regardless frontier
"Everyone is entitled to all the rights and freedoms set forth in this Declaration, without distinction of any kind, such as race, colour, sex, language, religion, political or other opinion, national or social origin, property, birth or other status. Furthermore, no distinction shall be made on the basis of the political, jurisdictional or international status of the country or territory to which a person belongs, whether it be independent, trust, non-self-governing or under any other limitation of sovereignty.",everyone entitled right freedom set forth declaration without distinction kind race colour sex language religion political opinion national social origin property birth status furthermore distinction shall made basis political jurisdictional international status country territory person belongs whether independent trust nonselfgoverning limitation sovereignty
"- Everyone has the right to freedom of peaceful assembly and association.
- No one may be compelled to belong to an association.",everyone right freedom peaceful assembly association one may compelled belong association
"- Everyone has the right to take part in the government of his country, directly or through freely chosen representatives.
- Everyone has the right of equal access to public service in his country.
- The will of the people shall be the basis of the authority of government; this will shall be expressed in periodic and genuine elections which shall be by universal and equal suffrage and shall be held by secret vote or by equivalent free voting procedures.",everyone right take part government country directly freely chosen representative everyone right equal access public service country people shall basis authority government shall expressed periodic genuine election shall universal equal suffrage shall held secret vote equivalent free voting procedure
"Everyone, as a member of society, has the right to social security and is entitled to realization, through national effort and international co-operation and in accordance with the organization and resources of each State, of the economic, social and cultural rights indispensable for his dignity and the free development of his personality.",everyone member society right social security entitled realization national effort international cooperation accordance organization resource state economic social cultural right indispensable dignity free development personality
"- Everyone has the right to work, to free choice of employment, to just and favourable conditions of work and to protection against unemployment.
- Everyone, without any discrimination, has the right to equal pay for equal work.
- Everyone who works has the right to just and favourable remuneration ensuring for himself and his family an existence worthy of human dignity, and supplemented, if necessary, by other means of social protection.
- Everyone has the right to form and to join trade unions for the protection of his interests.",everyone right work free choice employment favourable condition work protection unemployment everyone without discrimination right equal pay equal work everyone work right favourable remuneration ensuring family existence worthy human dignity supplemented necessary mean social protection everyone right form join trade union protection interest
"Everyone has the right to rest and leisure, including reasonable limitation of working hours and periodic holidays with pay.",everyone right rest leisure including reasonable limitation working hour periodic holiday pay
"- Everyone has the right to a standard of living adequate for the health and well-being of himself and of his family, including food, clothing, housing and medical care and necessary social services, and the right to security in the event of unemployment, sickness, disability, widowhood, old age or other lack of livelihood in circumstances beyond his control.
- Motherhood and childhood are entitled to special care and assistance. All children, whether born in or out of wedlock, shall enjoy the same social protection.",everyone right standard living adequate health wellbeing family including food clothing housing medical care necessary social service right security event unemployment sickness disability widowhood old age lack livelihood circumstance beyond control motherhood childhood entitled special care assistance child whether born wedlock shall enjoy social protection
"- Everyone has the right to education. Education shall be free, at least in the elementary and fundamental stages. Elementary education shall be compulsory. Technical and professional education shall be made generally available and higher education shall be equally accessible to all on the basis of merit.
- Education shall be directed to the full development of the human personality and to the strengthening of respect for human rights and fundamental freedoms. It shall promote understanding, tolerance and friendship among all nations, racial or religious groups, and shall further the activities of the United Nations for the maintenance of peace.
- Parents have a prior right to choose the kind of education that shall be given to their children.",everyone right education education shall free least elementary fundamental stage elementary education shall compulsory technical professional education shall made generally available higher education shall equally accessible basis merit education shall directed full development human personality strengthening respect human right fundamental freedom shall promote understanding tolerance friendship among nation racial religious group shall activity united nation maintenance peace parent prior right choose kind education shall given child
"- Everyone has the right freely to participate in the cultural life of the community, to enjoy the arts and to share in scientific advancement and its benefits.
- Everyone has the right to the protection of the moral and material interests resulting from any scientific, literary or artistic production of which he is the author.",everyone right freely participate cultural life community enjoy art share scientific advancement benefit everyone right protection moral material interest resulting scientific literary artistic production author
Everyone is entitled to a social and international order in which the rights and freedoms set forth in this Declaration can be fully realized.,everyone entitled social international order right freedom set forth declaration fully realized
"- Everyone has duties to the community in which alone the free and full development of his personality is possible.
- In the exercise of his rights and freedoms, everyone shall be subject only to such limitations as are determined by law solely for the purpose of securing due recognition and respect for the rights and freedoms of others and of meeting the just requirements of morality, public order and the general welfare in a democratic society.
- These rights and freedoms may in no case be exercised contrary to the purposes and principles of the United Nations.",everyone duty community alone free full development personality possible exercise right freedom everyone shall subject limitation determined law solely purpose securing due recognition respect right freedom others meeting requirement morality public order general welfare democratic society right freedom may case exercised contrary purpose principle united nation
"Everyone has the right to life, liberty and security of person.",everyone right life liberty security person
"Nothing in this Declaration may be interpreted as implying for any State, group or person any right to engage in any activity or to perform any act aimed at the destruction of any of the rights and freedoms set forth herein.",nothing declaration may interpreted implying state group person right engage activity perform act aimed destruction right freedom set forth herein
No one shall be held in slavery or servitude; slavery and the slave trade shall be prohibited in all their forms.,one shall held slavery servitude slavery slave trade shall prohibited form
"No one shall be subjected to torture or to cruel, inhuman or degrading treatment or punishment.",one shall subjected torture cruel inhuman degrading treatment punishment
Everyone has the right to recognition everywhere as a person before the law.,everyone right recognition everywhere person law
All are equal before the law and are entitled without any discrimination to equal protection of the law. All are entitled to equal protection against any discrimination in violation of this Declaration and against any incitement to such discrimination.,equal law entitled without discrimination equal protection law entitled equal protection discrimination violation declaration incitement discrimination
Everyone has the right to an effective remedy by the competent national tribunals for acts violating the fundamental rights granted him by the constitution or by law.,everyone right effective remedy competent national tribunal act violating fundamental right granted constitution law
"No one shall be subjected to arbitrary arrest, detention or exile.",one shall subjected arbitrary arrest detention exile
"1. All peoples have the right of self-determination. By virtue of that right they freely determine their political status and freely pursue their economic, social and cultural development.
2. All peoples may, for their own ends, freely dispose of their natural wealth and resources without prejudice to any obligations arising out of international economic co-operation, based upon the principle of mutual benefit, and international law. In no case may a people be deprived of its own means of subsistence.
3. The States Parties to the present Covenant, including those having responsibility for the administration of Non-Self-Governing and Trust Territories, shall promote the realization of the right of self-determination, and shall respect that right, in conformity with the provisions of the Charter of the United Nations.",1 people right selfdetermination virtue right freely determine political status freely pursue economic social cultural development 2 people may end freely dispose natural wealth resource without prejudice obligation arising international economic cooperation based upon principle mutual benefit international law case may people deprived mean subsistence 3 state party present covenant including responsibility administration nonselfgoverning trust territory shall promote realization right selfdetermination shall respect right conformity provision charter united nation
"1. All persons deprived of their liberty shall be treated with humanity and with respect for the inherent dignity of the human person.
2.
(a) Accused persons shall, save in exceptional circumstances, be segregated from convicted persons and shall be subject to separate treatment appropriate to their status as unconvicted persons;
(b) Accused juvenile persons shall be separated from adults and brought as speedily as possible for adjudication.
3. The penitentiary system shall comprise treatment of prisoners the essential aim of which shall be their reformation and social rehabilitation. Juvenile offenders shall be segregated from adults and be accorded treatment appropriate to their age and legal status.",1 person deprived liberty shall treated humanity respect inherent dignity human person 2 accused person shall save exceptional circumstance segregated convicted person shall subject separate treatment appropriate status unconvicted person b accused juvenile person shall separated adult brought speedily possible adjudication 3 penitentiary system shall comprise treatment prisoner essential aim shall reformation social rehabilitation juvenile offender shall segregated adult accorded treatment appropriate age legal status
nan,nan
"1. Everyone lawfully within the territory of a State shall, within that territory, have the right to liberty of movement and freedom to choose his residence.
2. Everyone shall be free to leave any country, including his own.
3. The above-mentioned rights shall not be subject to any restrictions except those which are provided by law, are necessary to protect national security, public order (ordre public), public health or morals or the rights and freedoms of others, and are consistent with the other rights recognized in the present Covenant.
4. No one shall be arbitrarily deprived of the right to enter his own country.",1 everyone lawfully within territory state shall within territory right liberty movement freedom choose residence 2 everyone shall free leave country including 3 abovementioned right shall subject restriction except provided law necessary protect national security public order ordre public public health moral right freedom others consistent right recognized present covenant 4 one shall arbitrarily deprived right enter country
"An alien lawfully in the territory of a State Party to the present Covenant may be expelled therefrom only in pursuance of a decision reached in accordance with law and shall, except where compelling reasons of national security otherwise require, be allowed to submit the reasons against his expulsion and to have his case reviewed by, and be represented for the purpose before, the competent authority or a person or persons especially designated by the competent authority.",alien lawfully territory state party present covenant may expelled therefrom pursuance decision reached accordance law shall except compelling reason national security otherwise require allowed submit reason expulsion case reviewed represented purpose competent authority person person especially designated competent authority
"1. All persons shall be equal before the courts and tribunals. In the determination of any criminal charge against him, or of his rights and obligations in a suit at law, everyone shall be entitled to a fair and public hearing by a competent, independent and impartial tribunal established by law. The press and the public may be excluded from all or part of a trial for reasons of morals, public order (ordre public) or national security in a democratic society, or when the interest of the private lives of the parties so requires, or to the extent strictly necessary in the opinion of the court in special circumstances where publicity would prejudice the interests of justice; but any judgement rendered in a criminal case or in a suit at law shall be made public except where the interest of juvenile persons otherwise requires or the proceedings concern matrimonial disputes or the guardianship of children.
2. Everyone charged with a criminal offence shall have the right to be presumed innocent until proved guilty according to law.
3. In the determination of any criminal charge against him, everyone shall be entitled to the following minimum guarantees, in full equality: (a) To be informed promptly and in detail in a language which he understands of the nature and cause of the charge against him;
(b) To have adequate time and facilities for the preparation of his defence and to communicate with counsel of his own choosing;
(c) To be tried without undue delay;
(d) To be tried in his presence, and to defend himself in person or through legal assistance of his own choosing; to be informed, if he does not have legal assistance, of this right; and to have legal assistance assigned to him, in any case where the interests of justice so require, and without payment by him in any such case if he does not have sufficient means to pay for it;
(e) To examine, or have examined, the witnesses against him and to obtain the attendance and examination of witnesses on his behalf under the same conditions as witnesses against him;
(f) To have the free assistance of an interpreter if he cannot understand or speak the language used in court;
(g) Not to be compelled to testify against himself or to confess guilt.
5. Everyone convicted of a crime shall have the right to his conviction and sentence being reviewed by a higher tribunal according to law.
6. When a person has by a final decision been convicted of a criminal offence and when subsequently his conviction has been reversed or he has been pardoned on the ground that a new or newly discovered fact shows conclusively that there has been a miscarriage of justice, the person who has suffered punishment as a result of such conviction shall be compensated according to law, unless it is proved that the non-disclosure of the unknown fact in time is wholly or partly attributable to him.
7. No one shall be liable to be tried or punished again for an offence for which he has already been finally convicted or acquitted in accordance with the law and penal procedure of each country.",1 person shall equal court tribunal determination criminal charge right obligation suit law everyone shall entitled fair public hearing competent independent impartial tribunal established law press public may excluded part trial reason moral public order ordre public national security democratic society interest private life party requires extent strictly necessary opinion court special circumstance publicity would prejudice interest justice judgement rendered criminal case suit law shall made public except interest juvenile person otherwise requires proceeding concern matrimonial dispute guardianship child 2 everyone charged criminal offence shall right presumed innocent proved guilty according law 3 determination criminal charge everyone shall entitled following minimum guarantee full equality informed promptly detail language understands nature cause charge b adequate time facility preparation defence communicate counsel choosing c tried without undue delay tried presence defend person legal assistance choosing informed legal assistance right legal assistance assigned case interest justice require without payment case sufficient mean pay e examine examined witness obtain attendance examination witness behalf condition witness f free assistance interpreter can not understand speak language used court g compelled testify confess guilt 5 everyone convicted crime shall right conviction sentence reviewed higher tribunal according law 6 person final decision convicted criminal offence subsequently conviction reversed pardoned ground new newly discovered fact show conclusively miscarriage justice person suffered punishment result conviction shall compensated according law unless proved nondisclosure unknown fact time wholly partly attributable 7 one shall liable tried punished offence already finally convicted acquitted accordance law penal procedure country
"1 . No one shall be held guilty of any criminal offence on account of any act or omission which did not constitute a criminal offence, under national or international law, at the time when it was committed. Nor shall a heavier penalty be imposed than the one that was applicable at the time when the criminal offence was committed. If, subsequent to the commission of the offence, provision is made by law for the imposition of the lighter penalty, the offender shall benefit thereby.
2. Nothing in this article shall prejudice the trial and punishment of any person for any act or omission which, at the time when it was committed, was criminal according to the general principles of law recognized by the community of nations.",1 one shall held guilty criminal offence account act omission constitute criminal offence national international law time committed shall heavier penalty imposed one applicable time criminal offence committed subsequent commission offence provision made law imposition lighter penalty offender shall benefit thereby 2 nothing article shall prejudice trial punishment person act omission time committed criminal according general principle law recognized community nation
Everyone shall have the right to recognition everywhere as a person before the law.,everyone shall right recognition everywhere person law
"1. No one shall be subjected to arbitrary or unlawful interference with his privacy, family, home or correspondence, nor to unlawful attacks on his honour and reputation.
2. Everyone has the right to the protection of the law against such interference or attacks.",1 one shall subjected arbitrary unlawful interference privacy family home correspondence unlawful attack honour reputation 2 everyone right protection law interference attack
"1. Everyone shall have the right to freedom of thought, conscience and religion. This right shall include freedom to have or to adopt a religion or belief of his choice, and freedom, either individually or in community with others and in public or private, to manifest his religion or belief in worship, observance, practice and teaching.
2. No one shall be subject to coercion which would impair his freedom to have or to adopt a religion or belief of his choice.
3. Freedom to manifest one's religion or beliefs may be subject only to such limitations as are prescribed by law and are necessary to protect public safety, order, health, or morals or the fundamental rights and freedoms of others.
4. The States Parties to the present Covenant undertake to have respect for the liberty of parents and, when applicable, legal guardians to ensure the religious and moral education of their children in conformity with their own convictions.",1 everyone shall right freedom thought conscience religion right shall include freedom adopt religion belief choice freedom either individually community others public private manifest religion belief worship observance practice teaching 2 one shall subject coercion would impair freedom adopt religion belief choice 3 freedom manifest one religion belief may subject limitation prescribed law necessary protect public safety order health moral fundamental right freedom others 4 state party present covenant undertake respect liberty parent applicable legal guardian ensure religious moral education child conformity conviction
"1. Everyone shall have the right to hold opinions without interference.
2. Everyone shall have the right to freedom of expression; this right shall include freedom to seek, receive and impart information and ideas of all kinds, regardless of frontiers, either orally, in writing or in print, in the form of art, or through any other media of his choice.
3. The exercise of the rights provided for in paragraph 2 of this article carries with it special duties and responsibilities. It may therefore be subject to certain restrictions, but these shall only be such as are provided by law and are necessary:
(a) For respect of the rights or reputations of others;
(b) For the protection of national security or of public order (ordre public), or of public health or morals.",1 everyone shall right hold opinion without interference 2 everyone shall right freedom expression right shall include freedom seek receive impart information idea kind regardless frontier either orally writing print form art medium choice 3 exercise right provided paragraph 2 article carry special duty responsibility may therefore subject certain restriction shall provided law necessary respect right reputation others b protection national security public order ordre public public health moral
"1. Each State Party to the present Covenant undertakes to respect and to ensure to all individuals within its territory and subject to its jurisdiction the rights recognized in the present Covenant, without distinction of any kind, such as race, colour, sex, language, religion, political or other opinion, national or social origin, property, birth or other status.
2. Where not already provided for by existing legislative or other measures, each State Party to the present Covenant undertakes to take the necessary steps, in accordance with its constitutional processes and with the provisions of the present Covenant, to adopt such laws or other measures as may be necessary to give effect to the rights recognized in the present Covenant.
3. Each State Party to the present Covenant undertakes:
(a) To ensure that any person whose rights or freedoms as herein recognized are violated shall have an effective remedy, notwithstanding that the violation has been committed by persons acting in an official capacity;
(b) To ensure that any person claiming such a remedy shall have his right thereto determined by competent judicial, administrative or legislative authorities, or by any other competent authority provided for by the legal system of the State, and to develop the possibilities of judicial remedy;
(c) To ensure that the competent authorities shall enforce such remedies when granted.",1 state party present covenant undertakes respect ensure individual within territory subject jurisdiction right recognized present covenant without distinction kind race colour sex language religion political opinion national social origin property birth status 2 already provided existing legislative measure state party present covenant undertakes take necessary step accordance constitutional process provision present covenant adopt law measure may necessary give effect right recognized present covenant 3 state party present covenant undertakes ensure person whose right freedom herein recognized violated shall effective remedy notwithstanding violation committed person acting official capacity b ensure person claiming remedy shall right thereto determined competent judicial administrative legislative authority competent authority provided legal system state develop possibility judicial remedy c ensure competent authority shall enforce remedy granted
"1. Any propaganda for war shall be prohibited by law.
2. Any advocacy of national, racial or religious hatred that constitutes incitement to discrimination, hostility or violence shall be prohibited by law.",1 propaganda war shall prohibited law 2 advocacy national racial religious hatred constitutes incitement discrimination hostility violence shall prohibited law
"The right of peaceful assembly shall be recognized. No restrictions may be placed on the exercise of this right other than those imposed in conformity with the law and which are necessary in a democratic society in the interests of national security or public safety, public order (ordre public), the protection of public health or morals or the protection of the rights and freedoms of others.",right peaceful assembly shall recognized restriction may placed exercise right imposed conformity law necessary democratic society interest national security public safety public order ordre public protection public health moral protection right freedom others
"1. Everyone shall have the right to freedom of association with others, including the right to form and join trade unions for the protection of his interests.
2. No restrictions may be placed on the exercise of this right other than those which are prescribed by law and which are necessary in a democratic society in the interests of national security or public safety, public order (ordre public), the protection of public health or morals or the protection of the rights and freedoms of others. This article shall not prevent the imposition of lawful restrictions on members of the armed forces and of the police in their exercise of this right.
3. Nothing in this article shall authorize States Parties to the International Labour Organisation Convention of 1948 concerning Freedom of Association and Protection of the Right to Organize to take legislative measures which would prejudice, or to apply the law in such a manner as to prejudice, the guarantees provided for in that Convention.",1 everyone shall right freedom association others including right form join trade union protection interest 2 restriction may placed exercise right prescribed law necessary democratic society interest national security public safety public order ordre public protection public health moral protection right freedom others article shall prevent imposition lawful restriction member armed force police exercise right 3 nothing article shall authorize state party international labour organisation convention 1948 concerning freedom association protection right organize take legislative measure would prejudice apply law manner prejudice guarantee provided convention
"1. The family is the natural and fundamental group unit of society and is entitled to protection by society and the State.
2. The right of men and women of marriageable age to marry and to found a family shall be recognized.
3. No marriage shall be entered into without the free and full consent of the intending spouses.
4. States Parties to the present Covenant shall take appropriate steps to ensure equality of rights and responsibilities of spouses as to marriage, during marriage and at its dissolution. In the case of dissolution, provision shall be made for the necessary protection of any children.",1 family natural fundamental group unit society entitled protection society state 2 right men woman marriageable age marry found family shall recognized 3 marriage shall entered without free full consent intending spouse 4 state party present covenant shall take appropriate step ensure equality right responsibility spouse marriage marriage dissolution case dissolution provision shall made necessary protection child
"1. Every child shall have, without any discrimination as to race, colour, sex, language, religion, national or social origin, property or birth, the right to such measures of protection as are required by his status as a minor, on the part of his family, society and the State.
2. Every child shall be registered immediately after birth and shall have a name.
3. Every child has the right to acquire a nationality.",1 every child shall without discrimination race colour sex language religion national social origin property birth right measure protection required status minor part family society state 2 every child shall registered immediately birth shall name 3 every child right acquire nationality
"Every citizen shall have the right and the opportunity, without any of the distinctions mentioned in article 2 and without unreasonable restrictions:
(a) To take part in the conduct of public affairs, directly or through freely chosen representatives;
(b) To vote and to be elected at genuine periodic elections which shall be by universal and equal suffrage and shall be held by secret ballot, guaranteeing the free expression of the will of the electors;
(c) To have access, on general terms of equality, to public service in his country.",every citizen shall right opportunity without distinction mentioned article 2 without unreasonable restriction take part conduct public affair directly freely chosen representative b vote elected genuine periodic election shall universal equal suffrage shall held secret ballot guaranteeing free expression elector c access general term equality public service country
"All persons are equal before the law and are entitled without any discrimination to the equal protection of the law. In this respect, the law shall prohibit any discrimination and guarantee to all persons equal and effective protection against discrimination on any ground such as race, colour, sex, language, religion, political or other opinion, national or social origin, property, birth or other status.",person equal law entitled without discrimination equal protection law respect law shall prohibit discrimination guarantee person equal effective protection discrimination ground race colour sex language religion political opinion national social origin property birth status
"In those States in which ethnic, religious or linguistic minorities exist, persons belonging to such minorities shall not be denied the right, in community with the other members of their group, to enjoy their own culture, to profess and practise their own religion, or to use their own language.",state ethnic religious linguistic minority exist person belonging minority shall denied right community member group enjoy culture profess practise religion use language
"1. There shall be established a Human Rights Committee (hereafter referred to in the present Covenant as the Committee). It shall consist of eighteen members and shall carry out the functions hereinafter provided.
2. The Committee shall be composed of nationals of the States Parties to the present Covenant who shall be persons of high moral character and recognized competence in the field of human rights, consideration being given to the usefulness of the participation of some persons having legal experience.
3. The members of the Committee shall be elected and shall serve in their personal capacity.",1 shall established human right committee hereafter referred present covenant committee shall consist eighteen member shall carry function hereinafter provided 2 committee shall composed national state party present covenant shall person high moral character recognized competence field human right consideration given usefulness participation person legal experience 3 member committee shall elected shall serve personal capacity
"1. The members of the Committee shall be elected by secret ballot from a list of persons possessing the qualifications prescribed in article 28 and nominated for the purpose by the States Parties to the present Covenant.
2. Each State Party to the present Covenant may nominate not more than two persons. These persons shall be nationals of the nominating State.
3. A person shall be eligible for renomination.",1 member committee shall elected secret ballot list person possessing qualification prescribed article 28 nominated purpose state party present covenant 2 state party present covenant may nominate two person person shall national nominating state 3 person shall eligible renomination
The States Parties to the present Covenant undertake to ensure the equal right of men and women to the enjoyment of all civil and political rights set forth in the present Covenant.,state party present covenant undertake ensure equal right men woman enjoyment civil political right set forth present covenant
"1. The initial election shall be held no later than six months after the date of the entry into force of the present Covenant.
2. At least four months before the date of each election to the Committee, other than an election to fill a vacancy declared in accordance with article 34, the Secretary-General of the United Nations shall address a written invitation to the States Parties to the present Covenant to submit their nominations for membership of the Committee within three months.
3. The Secretary-General of the United Nations shall prepare a list in alphabetical order of all the persons thus nominated, with an indication of the States Parties which have nominated them, and shall submit it to the States Parties to the present Covenant no later than one month before the date of each election.
4. Elections of the members of the Committee shall be held at a meeting of the States Parties to the present Covenant convened by the Secretary General of the United Nations at the Headquarters of the United Nations. At that meeting, for which two thirds of the States Parties to the present Covenant shall constitute a quorum, the persons elected to the Committee shall be those nominees who obtain the largest number of votes and an absolute majority of the votes of the representatives of States Parties present and voting.",1 initial election shall held later six month date entry force present covenant 2 least four month date election committee election fill vacancy declared accordance article 34 secretarygeneral united nation shall address written invitation state party present covenant submit nomination membership committee within three month 3 secretarygeneral united nation shall prepare list alphabetical order person thus nominated indication state party nominated shall submit state party present covenant later one month date election 4 election member committee shall held meeting state party present covenant convened secretary general united nation headquarters united nation meeting two third state party present covenant shall constitute quorum person elected committee shall nominee obtain largest number vote absolute majority vote representative state party present voting
"1. The Committee may not include more than one national of the same State.
2. In the election of the Committee, consideration shall be given to equitable geographical distribution of membership and to the representation of the different forms of civilization and of the principal legal systems.",1 committee may include one national state 2 election committee consideration shall given equitable geographical distribution membership representation different form civilization principal legal system
2. Elections at the expiry of office shall be held in accordance with the preceding articles of this part of the present Covenant.,2 election expiry office shall held accordance preceding article part present covenant
"1. If, in the unanimous opinion of the other members, a member of the Committee has ceased to carry out his functions for any cause other than absence of a temporary character, the Chairman of the Committee shall notify the Secretary-General of the United Nations, who shall then declare the seat of that member to be vacant.
2. In the event of the death or the resignation of a member of the Committee, the Chairman shall immediately notify the Secretary-General of the United Nations, who shall declare the seat vacant from the date of death or the date on which the resignation takes effect.",1 unanimous opinion member member committee ceased carry function cause absence temporary character chairman committee shall notify secretarygeneral united nation shall declare seat member vacant 2 event death resignation member committee chairman shall immediately notify secretarygeneral united nation shall declare seat vacant date death date resignation take effect
"1. When a vacancy is declared in accordance with article 33 and if the term of office of the member to be replaced does not expire within six months of the declaration of the vacancy, the Secretary-General of the United Nations shall notify each of the States Parties to the present Covenant, which may within two months submit nominations in accordance with article 29 for the purpose of filling the vacancy.
2. The Secretary-General of the United Nations shall prepare a list in alphabetical order of the persons thus nominated and shall submit it to the States Parties to the present Covenant. The election to fill the vacancy shall then take place in accordance with the relevant provisions of this part of the present Covenant.
3. A member of the Committee elected to fill a vacancy declared in accordance with article 33 shall hold office for the remainder of the term of the member who vacated the seat on the Committee under the provisions of that article.",1 vacancy declared accordance article 33 term office member replaced expire within six month declaration vacancy secretarygeneral united nation shall notify state party present covenant may within two month submit nomination accordance article 29 purpose filling vacancy 2 secretarygeneral united nation shall prepare list alphabetical order person thus nominated shall submit state party present covenant election fill vacancy shall take place accordance relevant provision part present covenant 3 member committee elected fill vacancy declared accordance article 33 shall hold office remainder term member vacated seat committee provision article
"The members of the Committee shall, with the approval of the General Assembly of the United Nations, receive emoluments from United Nations resources on such terms and conditions as the General Assembly may decide, having regard to the importance of the Committee's responsibilities.",member committee shall approval general assembly united nation receive emolument united nation resource term condition general assembly may decide regard importance committee responsibility
The Secretary-General of the United Nations shall provide the necessary staff and facilities for the effective performance of the functions of the Committee under the present Covenant.,secretarygeneral united nation shall provide necessary staff facility effective performance function committee present covenant
"1. The Secretary-General of the United Nations shall convene the initial meeting of the Committee at the Headquarters of the United Nations.
2. After its initial meeting, the Committee shall meet at such times as shall be provided in its rules of procedure.
3. The Committee shall normally meet at the Headquarters of the United Nations or at the United Nations Office at Geneva.",1 secretarygeneral united nation shall convene initial meeting committee headquarters united nation 2 initial meeting committee shall meet time shall provided rule procedure 3 committee shall normally meet headquarters united nation united nation office geneva
"Every member of the Committee shall, before taking up his duties, make a solemn declaration in open committee that he will perform his functions impartially and conscientiously.",every member committee shall taking duty make solemn declaration open committee perform function impartially conscientiously
"1. The Committee shall elect its officers for a term of two years. They may be re-elected.
2. The Committee shall establish its own rules of procedure, but these rules shall provide, inter alia, that:
(a) Twelve members shall constitute a quorum;
(b) Decisions of the Committee shall be made by a majority vote of the members present.",1 committee shall elect officer term two year may reelected 2 committee shall establish rule procedure rule shall provide inter alia twelve member shall constitute quorum b decision committee shall made majority vote member present
"1 . In time of public emergency which threatens the life of the nation and the existence of which is officially proclaimed, the States Parties to the present Covenant may take measures derogating from their obligations under the present Covenant to the extent strictly required by the exigencies of the situation, provided that such measures are not inconsistent with their other obligations under international law and do not involve discrimination solely on the ground of race, colour, sex, language, religion or social origin.
2. No derogation from articles 6, 7, 8 (paragraphs I and 2), 11, 15, 16 and 18 may be made under this provision.
3. Any State Party to the present Covenant availing itself of the right of derogation shall immediately inform the other States Parties to the present Covenant, through the intermediary of the Secretary-General of the United Nations, of the provisions from which it has derogated and of the reasons by which it was actuated. A further communication shall be made, through the same intermediary, on the date on which it terminates such derogation.",1 time public emergency threatens life nation existence officially proclaimed state party present covenant may take measure derogating obligation present covenant extent strictly required exigency situation provided measure inconsistent obligation international law involve discrimination solely ground race colour sex language religion social origin 2 derogation article 6 7 8 paragraph 2 11 15 16 18 may made provision 3 state party present covenant availing right derogation shall immediately inform state party present covenant intermediary secretarygeneral united nation provision derogated reason actuated communication shall made intermediary date terminates derogation
"1. The States Parties to the present Covenant undertake to submit reports on the measures they have adopted which give effect to the rights recognized herein and on the progress made in the enjoyment of those rights: (a) Within one year of the entry into force of the present Covenant for the States Parties concerned;
(b) Thereafter whenever the Committee so requests.
2. All reports shall be submitted to the Secretary-General of the United Nations, who shall transmit them to the Committee for consideration. Reports shall indicate the factors and difficulties, if any, affecting the implementation of the present Covenant.
3. The Secretary-General of the United Nations may, after consultation with the Committee, transmit to the specialized agencies concerned copies of such parts of the reports as may fall within their field of competence.
4. The Committee shall study the reports submitted by the States Parties to the present Covenant. It shall transmit its reports, and such general comments as it may consider appropriate, to the States Parties. The Committee may also transmit to the Economic and Social Council these comments along with the copies of the reports it has received from States Parties to the present Covenant.
5. The States Parties to the present Covenant may submit to the Committee observations on any comments that may be made in accordance with paragraph 4 of this article.",1 state party present covenant undertake submit report measure adopted give effect right recognized herein progress made enjoyment right within one year entry force present covenant state party concerned b thereafter whenever committee request 2 report shall submitted secretarygeneral united nation shall transmit committee consideration report shall indicate factor difficulty affecting implementation present covenant 3 secretarygeneral united nation may consultation committee transmit specialized agency concerned copy part report may fall within field competence 4 committee shall study report submitted state party present covenant shall transmit report general comment may consider appropriate state party committee may also transmit economic social council comment along copy report received state party present covenant 5 state party present covenant may submit committee observation comment may made accordance paragraph 4 article
"1. A State Party to the present Covenant may at any time declare under this article that it recognizes the competence of the Committee to receive and consider communications to the effect that a State Party claims that another State Party is not fulfilling its obligations under the present Covenant. Communications under this article may be received and considered only if submitted by a State Party which has made a declaration recognizing in regard to itself the competence of the Committee. No communication shall be received by the Committee if it concerns a State Party which has not made such a declaration. Communications received under this article shall be dealt with in accordance with the following procedure:
(a) If a State Party to the present Covenant considers that another State Party is not giving effect to the provisions of the present Covenant, it may, by written communication, bring the matter to the attention of that State Party. Within three months after the receipt of the communication the receiving State shall afford the State which sent the communication an explanation, or any other statement in writing clarifying the matter which should include, to the extent possible and pertinent, reference to domestic procedures and remedies taken, pending, or available in the matter;
(b) If the matter is not adjusted to the satisfaction of both States Parties concerned within six months after the receipt by the receiving State of the initial communication, either State shall have the right to refer the matter to the Committee, by notice given to the Committee and to the other State;
(c) The Committee shall deal with a matter referred to it only after it has ascertained that all available domestic remedies have been invoked and exhausted in the matter, in conformity with the generally recognized principles of international law. This shall not be the rule where the application of the remedies is unreasonably prolonged;
(d) The Committee shall hold closed meetings when examining communications under this article;
(e) Subject to the provisions of subparagraph (c), the Committee shall make available its good offices to the States Parties concerned with a view to a friendly solution of the matter on the basis of respect for human rights and fundamental freedoms as recognized in the present Covenant;
(f) In any matter referred to it, the Committee may call upon the States Parties concerned, referred to in subparagraph (b), to supply any relevant information;
(g) The States Parties concerned, referred to in subparagraph (b), shall have the right to be represented when the matter is being considered in the Committee and to make submissions orally and/or in writing;
(h) The Committee shall, within twelve months after the date of receipt of notice under subparagraph (b), submit a report:
(i) If a solution within the terms of subparagraph (e) is reached, the Committee shall confine its report to a brief statement of the facts and of the solution reached;
(ii) If a solution within the terms of subparagraph (e) is not reached, the Committee shall confine its report to a brief statement of the facts; the written submissions and record of the oral submissions made by the States Parties concerned shall be attached to the report. In every matter, the report shall be communicated to the States Parties concerned.
2. The provisions of this article shall come into force when ten States Parties to the present Covenant have made declarations under paragraph I of this article. Such declarations shall be deposited by the States Parties with the Secretary-General of the United Nations, who shall transmit copies thereof to the other States Parties. A declaration may be withdrawn at any time by notification to the Secretary-General. Such a withdrawal shall not prejudice the consideration of any matter which is the subject of a communication already transmitted under this article; no further communication by any State Party shall be received after the notification of withdrawal of the declaration has been received by the Secretary-General, unless the State Party concerned has made a new declaration.",1 state party present covenant may time declare article recognizes competence committee receive consider communication effect state party claim another state party fulfilling obligation present covenant communication article may received considered submitted state party made declaration recognizing regard competence committee communication shall received committee concern state party made declaration communication received article shall dealt accordance following procedure state party present covenant considers another state party giving effect provision present covenant may written communication bring matter attention state party within three month receipt communication receiving state shall afford state sent communication explanation statement writing clarifying matter include extent possible pertinent reference domestic procedure remedy taken pending available matter b matter adjusted satisfaction state party concerned within six month receipt receiving state initial communication either state shall right refer matter committee notice given committee state c committee shall deal matter referred ascertained available domestic remedy invoked exhausted matter conformity generally recognized principle international law shall rule application remedy unreasonably prolonged committee shall hold closed meeting examining communication article e subject provision subparagraph c committee shall make available good office state party concerned view friendly solution matter basis respect human right fundamental freedom recognized present covenant f matter referred committee may call upon state party concerned referred subparagraph b supply relevant information g state party concerned referred subparagraph b shall right represented matter considered committee make submission orally andor writing h committee shall within twelve month date receipt notice subparagraph b submit report solution within term subparagraph e reached committee shall confine report brief statement fact solution reached ii solution within term subparagraph e reached committee shall confine report brief statement fact written submission record oral submission made state party concerned shall attached report every matter report shall communicated state party concerned 2 provision article shall come force ten state party present covenant made declaration paragraph article declaration shall deposited state party secretarygeneral united nation shall transmit copy thereof state party declaration may withdrawn time notification secretarygeneral withdrawal shall prejudice consideration matter subject communication already transmitted article communication state party shall received notification withdrawal declaration received secretarygeneral unless state party concerned made new declaration
"1.
(a) If a matter referred to the Committee in accordance with article 41 is not resolved to the satisfaction of the States Parties concerned, the Committee may, with the prior consent of the States Parties concerned, appoint an ad hoc Conciliation Commission (hereinafter referred to as the Commission). The good offices of the Commission shall be made available to the States Parties concerned with a view to an amicable solution of the matter on the basis of respect for the present Covenant;
(b) The Commission shall consist of five persons acceptable to the States Parties concerned. If the States Parties concerned fail to reach agreement within three months on all or part of the composition of the Commission, the members of the Commission concerning whom no agreement has been reached shall be elected by secret ballot by a two-thirds majority vote of the Committee from among its members.
2. The members of the Commission shall serve in their personal capacity. They shall not be nationals of the States Parties concerned, or of a State not Party to the present Covenant, or of a State Party which has not made a declaration under article 41.
3. The Commission shall elect its own Chairman and adopt its own rules of procedure.
4. The meetings of the Commission shall normally be held at the Headquarters of the United Nations or at the United Nations Office at Geneva. However, they may be held at such other convenient places as the Commission may determine in consultation with the Secretary-General of the United Nations and the States Parties concerned.
5. The secretariat provided in accordance with article 36 shall also service the commissions appointed under this article.
6. The information received and collated by the Committee shall be made available to the Commission and the Commission may call upon the States Parties concerned to supply any other relevant information.
7. When the Commission has fully considered the matter, but in any event not later than twelve months after having been seized of the matter, it shall submit to the Chairman of the Committee a report for communication to the States Parties concerned:
(a) If the Commission is unable to complete its consideration of the matter within twelve months, it shall confine its report to a brief statement of the status of its consideration of the matter;
(b) If an amicable solution to the matter on tie basis of respect for human rights as recognized in the present Covenant is reached, the Commission shall confine its report to a brief statement of the facts and of the solution reached;
(c) If a solution within the terms of subparagraph (b) is not reached, the Commission's report shall embody its findings on all questions of fact relevant to the issues between the States Parties concerned, and its views on the possibilities of an amicable solution of the matter. This report shall also contain the written submissions and a record of the oral submissions made by the States Parties concerned;
(d) If the Commission's report is submitted under subparagraph (c), the States Parties concerned shall, within three months of the receipt of the report, notify the Chairman of the Committee whether or not they accept the contents of the report of the Commission.
8. The provisions of this article are without prejudice to the responsibilities of the Committee under article 41.
9. The States Parties concerned shall share equally all the expenses of the members of the Commission in accordance with estimates to be provided by the Secretary-General of the United Nations.
10. The Secretary-General of the United Nations shall be empowered to pay the expenses of the members of the Commission, if necessary, before reimbursement by the States Parties concerned, in accordance with paragraph 9 of this article.",1 matter referred committee accordance article 41 resolved satisfaction state party concerned committee may prior consent state party concerned appoint ad hoc conciliation commission hereinafter referred commission good office commission shall made available state party concerned view amicable solution matter basis respect present covenant b commission shall consist five person acceptable state party concerned state party concerned fail reach agreement within three month part composition commission member commission concerning agreement reached shall elected secret ballot twothirds majority vote committee among member 2 member commission shall serve personal capacity shall national state party concerned state party present covenant state party made declaration article 41 3 commission shall elect chairman adopt rule procedure 4 meeting commission shall normally held headquarters united nation united nation office geneva however may held convenient place commission may determine consultation secretarygeneral united nation state party concerned 5 secretariat provided accordance article 36 shall also service commission appointed article 6 information received collated committee shall made available commission commission may call upon state party concerned supply relevant information 7 commission fully considered matter event later twelve month seized matter shall submit chairman committee report communication state party concerned commission unable complete consideration matter within twelve month shall confine report brief statement status consideration matter b amicable solution matter tie basis respect human right recognized present covenant reached commission shall confine report brief statement fact solution reached c solution within term subparagraph b reached commission report shall embody finding question fact relevant issue state party concerned view possibility amicable solution matter report shall also contain written submission record oral submission made state party concerned commission report submitted subparagraph c state party concerned shall within three month receipt report notify chairman committee whether accept content report commission 8 provision article without prejudice responsibility committee article 41 9 state party concerned shall share equally expense member commission accordance estimate provided secretarygeneral united nation 10 secretarygeneral united nation shall empowered pay expense member commission necessary reimbursement state party concerned accordance paragraph 9 article
"The members of the Committee, and of the ad hoc conciliation commissions which may be appointed under article 42, shall be entitled to the facilities, privileges and immunities of experts on mission for the United Nations as laid down in the relevant sections of the Convention on the Privileges and Immunities of the United Nations.",member committee ad hoc conciliation commission may appointed article 42 shall entitled facility privilege immunity expert mission united nation laid relevant section convention privilege immunity united nation
The provisions for the implementation of the present Covenant shall apply without prejudice to the procedures prescribed in the field of human rights by or under the constituent instruments and the conventions of the United Nations and of the specialized agencies and shall not prevent the States Parties to the present Covenant from having recourse to other procedures for settling a dispute in accordance with general or special international agreements in force between them.,provision implementation present covenant shall apply without prejudice procedure prescribed field human right constituent instrument convention united nation specialized agency shall prevent state party present covenant recourse procedure settling dispute accordance general special international agreement force
"The Committee shall submit to the General Assembly of the United Nations, through the Economic and Social Council, an annual report on its activities.",committee shall submit general assembly united nation economic social council annual report activity
Nothing in the present Covenant shall be interpreted as impairing the provisions of the Charter of the United Nations and of the constitutions of the specialized agencies which define the respective responsibilities of the various organs of the United Nations and of the specialized agencies in regard to the matters dealt with in the present Covenant.,nothing present covenant shall interpreted impairing provision charter united nation constitution specialized agency define respective responsibility various organ united nation specialized agency regard matter dealt present covenant
Nothing in the present Covenant shall be interpreted as impairing the inherent right of all peoples to enjoy and utilize fully and freely their natural wealth and resources.,nothing present covenant shall interpreted impairing inherent right people enjoy utilize fully freely natural wealth resource
"1. The present Covenant is open for signature by any State Member of the United Nations or member of any of its specialized agencies, by any State Party to the Statute of the International Court of Justice, and by any other State which has been invited by the General Assembly of the United Nations to become a Party to the present Covenant.
2. The present Covenant is subject to ratification. Instruments of ratification shall be deposited with the Secretary-General of the United Nations.
3. The present Covenant shall be open to accession by any State referred to in paragraph 1 of this article.
4. Accession shall be effected by the deposit of an instrument of accession with the Secretary-General of the United Nations.
5. The Secretary-General of the United Nations shall inform all States which have signed this Covenant or acceded to it of the deposit of each instrument of ratification or accession.",1 present covenant open signature state member united nation member specialized agency state party statute international court justice state invited general assembly united nation become party present covenant 2 present covenant subject ratification instrument ratification shall deposited secretarygeneral united nation 3 present covenant shall open accession state referred paragraph 1 article 4 accession shall effected deposit instrument accession secretarygeneral united nation 5 secretarygeneral united nation shall inform state signed covenant acceded deposit instrument ratification accession
"1. The present Covenant shall enter into force three months after the date of the deposit with the Secretary-General of the United Nations of the thirty-fifth instrument of ratification or instrument of accession.
2. For each State ratifying the present Covenant or acceding to it after the deposit of the thirty-fifth instrument of ratification or instrument of accession, the present Covenant shall enter into force three months after the date of the deposit of its own instrument of ratification or instrument of accession.",1 present covenant shall enter force three month date deposit secretarygeneral united nation thirtyfifth instrument ratification instrument accession 2 state ratifying present covenant acceding deposit thirtyfifth instrument ratification instrument accession present covenant shall enter force three month date deposit instrument ratification instrument accession
"1. Nothing in the present Covenant may be interpreted as implying for any State, group or person any right to engage in any activity or perform any act aimed at the destruction of any of the rights and freedoms recognized herein or at their limitation to a greater extent than is provided for in the present Covenant.
2. There shall be no restriction upon or derogation from any of the fundamental human rights recognized or existing in any State Party to the present Covenant pursuant to law, conventions, regulations or custom on the pretext that the present Covenant does not recognize such rights or that it recognizes them to a lesser extent.",1 nothing present covenant may interpreted implying state group person right engage activity perform act aimed destruction right freedom recognized herein limitation greater extent provided present covenant 2 shall restriction upon derogation fundamental human right recognized existing state party present covenant pursuant law convention regulation custom pretext present covenant recognize right recognizes lesser extent
The provisions of the present Covenant shall extend to all parts of federal States without any limitations or exceptions.,provision present covenant shall extend part federal state without limitation exception
"1. Any State Party to the present Covenant may propose an amendment and file it with the Secretary-General of the United Nations. The Secretary-General of the United Nations shall thereupon communicate any proposed amendments to the States Parties to the present Covenant with a request that they notify him whether they favour a conference of States Parties for the purpose of considering and voting upon the proposals. In the event that at least one third of the States Parties favours such a conference, the Secretary-General shall convene the conference under the auspices of the United Nations. Any amendment adopted by a majority of the States Parties present and voting at the conference shall be submitted to the General Assembly of the United Nations for approval.
2. Amendments shall come into force when they have been approved by the General Assembly of the United Nations and accepted by a two-thirds majority of the States Parties to the present Covenant in accordance with their respective constitutional processes. 3. When amendments come into force, they shall be binding on those States Parties which have accepted them, other States Parties still being bound by the provisions of the present Covenant and any earlier amendment which they have accepted.",1 state party present covenant may propose amendment file secretarygeneral united nation secretarygeneral united nation shall thereupon communicate proposed amendment state party present covenant request notify whether favour conference state party purpose considering voting upon proposal event least one third state party favour conference secretarygeneral shall convene conference auspex united nation amendment adopted majority state party present voting conference shall submitted general assembly united nation approval 2 amendment shall come force approved general assembly united nation accepted twothirds majority state party present covenant accordance respective constitutional process 3 amendment come force shall binding state party accepted state party still bound provision present covenant earlier amendment accepted
"1. Irrespective of the notifications made under article 48, paragraph 5, the Secretary-General of the United Nations shall inform all States referred to in paragraph I of the same article of the following particulars:
(a) Signatures, ratifications and accessions under article 48;
(b) The date of the entry into force of the present Covenant under article 49 and the date of the entry into force of any amendments under article 51.",1 irrespective notification made article 48 paragraph 5 secretarygeneral united nation shall inform state referred paragraph article following particular signature ratification accession article 48 b date entry force present covenant article 49 date entry force amendment article 51
"1. The present Covenant, of which the Chinese, English, French, Russian and Spanish texts are equally authentic, shall be deposited in the archives of the United Nations.
2. The Secretary-General of the United Nations shall transmit certified copies of the present Covenant to all States referred to in article 48.",1 present covenant chinese english french russian spanish text equally authentic shall deposited archive united nation 2 secretarygeneral united nation shall transmit certified copy present covenant state referred article 48
"1. Every human being has the inherent right to life. This right shall be protected by law. No one shall be arbitrarily deprived of his life.
2. In countries which have not abolished the death penalty, sentence of death may be imposed only for the most serious crimes in accordance with the law in force at the time of the commission of the crime and not contrary to the provisions of the present Covenant and to the Convention on the Prevention and Punishment of the Crime of Genocide. This penalty can only be carried out pursuant to a final judgement rendered by a competent court.
3. When deprivation of life constitutes the crime of genocide, it is understood that nothing in this article shall authorize any State Party to the present Covenant to derogate in any way from any obligation assumed under the provisions of the Convention on the Prevention and Punishment of the Crime of Genocide.
4. Anyone sentenced to death shall have the right to seek pardon or commutation of the sentence. Amnesty, pardon or commutation of the sentence of death may be granted in all cases.
5. Sentence of death shall not be imposed for crimes committed by persons below eighteen years of age and shall not be carried out on pregnant women.
6. Nothing in this article shall be invoked to delay or to prevent the abolition of capital punishment by any State Party to the present Covenant.",1 every human inherent right life right shall protected law one shall arbitrarily deprived life 2 country abolished death penalty sentence death may imposed serious crime accordance law force time commission crime contrary provision present covenant convention prevention punishment crime genocide penalty carried pursuant final judgement rendered competent court 3 deprivation life constitutes crime genocide understood nothing article shall authorize state party present covenant derogate way obligation assumed provision convention prevention punishment crime genocide 4 anyone sentenced death shall right seek pardon commutation sentence amnesty pardon commutation sentence death may granted case 5 sentence death shall imposed crime committed person eighteen year age shall carried pregnant woman 6 nothing article shall invoked delay prevent abolition capital punishment state party present covenant
"No one shall be subjected to torture or to cruel, inhuman or degrading treatment or punishment. In particular, no one shall be subjected without his free consent to medical or scientific experimentation.",one shall subjected torture cruel inhuman degrading treatment punishment particular one shall subjected without free consent medical scientific experimentation
"1. No one shall be held in slavery; slavery and the slave-trade in all their forms shall be prohibited.
2. No one shall be held in servitude.
3.
(a) No one shall be required to perform forced or compulsory labour;
(b) Paragraph 3 (a) shall not be held to preclude, in countries where imprisonment with hard labour may be imposed as a punishment for a crime, the performance of hard labour in pursuance of a sentence to such punishment by a competent court;
(c) For the purpose of this paragraph the term ""forced or compulsory labour"" shall not include:
(i) Any work or service, not referred to in subparagraph (b), normally required of a person who is under detention in consequence of a lawful order of a court, or of a person during conditional release from such detention;
(ii) Any service of a military character and, in countries where conscientious objection is recognized, any national service required by law of conscientious objectors;
(iii) Any service exacted in cases of emergency or calamity threatening the life or well-being of the community;
(iv) Any work or service which forms part of normal civil obligations.",1 one shall held slavery slavery slavetrade form shall prohibited 2 one shall held servitude 3 one shall required perform forced compulsory labour b paragraph 3 shall held preclude country imprisonment hard labour may imposed punishment crime performance hard labour pursuance sentence punishment competent court c purpose paragraph term forced compulsory labour shall include work service referred subparagraph b normally required person detention consequence lawful order court person conditional release detention ii service military character country conscientious objection recognized national service required law conscientious objector iii service exacted case emergency calamity threatening life wellbeing community iv work service form part normal civil obligation
"1. Everyone has the right to liberty and security of person. No one shall be subjected to arbitrary arrest or detention. No one shall be deprived of his liberty except on such grounds and in accordance with such procedure as are established by law.
2. Anyone who is arrested shall be informed, at the time of arrest, of the reasons for his arrest and shall be promptly informed of any charges against him.
3. Anyone arrested or detained on a criminal charge shall be brought promptly before a judge or other officer authorized by law to exercise judicial power and shall be entitled to trial within a reasonable time or to release. It shall not be the general rule that persons awaiting trial shall be detained in custody, but release may be subject to guarantees to appear for trial, at any other stage of the judicial proceedings, and, should occasion arise, for execution of the judgement.
4. Anyone who is deprived of his liberty by arrest or detention shall be entitled to take proceedings before a court, in order that that court may decide without delay on the lawfulness of his detention and order his release if the detention is not lawful.
5. Anyone who has been the victim of unlawful arrest or detention shall have an enforceable right to compensation.",1 everyone right liberty security person one shall subjected arbitrary arrest detention one shall deprived liberty except ground accordance procedure established law 2 anyone arrested shall informed time arrest reason arrest shall promptly informed charge 3 anyone arrested detained criminal charge shall brought promptly judge officer authorized law exercise judicial power shall entitled trial within reasonable time release shall general rule person awaiting trial shall detained custody release may subject guarantee appear trial stage judicial proceeding occasion arise execution judgement 4 anyone deprived liberty arrest detention shall entitled take proceeding court order court may decide without delay lawfulness detention order release detention lawful 5 anyone victim unlawful arrest detention shall enforceable right compensation
"Despite all of the above, the reality for millions of people is that governments often fail to uphold some or all of these rights. This is where the right to a remedy comes in. When we talk about having the right to a remedy, it means that everyone must be able to seek legal recourse when their rights have been violated.

The remedy must be accessible, binding, effective, and capable of delivering justice. It should both provide appropriate reparations for victims and prevent further violations of rights.

Although the right to a remedy ensures the ability to seek remedy from the state directly, international cooperation and assistance is vital in upholding this right. States should work together to ensure people can seek justice, as part of their extraterritorial obligations. This means that human rights obligations do not just stop at states borders when their actions impact those living in other countries.

The right to a remedy applies to all rights, for example when somebody has suffered torture or in the case of ESCR been forcibly evicted from their home. it can also apply when a business has abused their rights such as happened in Qatar.",despite reality million people government often fail uphold right right remedy come talk right remedy mean everyone must able seek legal recourse right violated remedy must accessible binding effective capable delivering justice provide appropriate reparation victim prevent violation right although right remedy ensures ability seek remedy state directly international cooperation assistance vital upholding right state work together ensure people seek justice part extraterritorial obligation mean human right obligation stop state border action impact living country right remedy applies right example somebody suffered torture case escr forcibly evicted home also apply business abused right happened qatar
"The right to water is vital for every living thing  without it we would die. We need water to drink and clean ourselves with, and for cooking and sanitation, which is also a right. Water is essential in the enjoyment of all other human rights including the right to life. It is also key in food production.

The right to sanitation enables people to access a clean and healthy environment, without it there are barriers to other rights, such as health and education.

Water must be available and accessible to all people in sufficient quantity and of adequate quality for all of the reasons it is needed. However, there are many ways in which the rights to water and sanitation are violated.

Pollution can make water unsafe. Water scarcity can lead to devastating drought. The climate crisis can often make this worse, exacerbating the lack of accessible, clean water. Governments and companies might control water supplies in ways which ensure people do not have adequate access to it. Human rights defenders have even been threatened with death for speaking out for this right.",right water vital every living thing without would die need water drink clean cooking sanitation also right water essential enjoyment human right including right life also key food production right sanitation enables people access clean healthy environment without barrier right health education water must available accessible people sufficient quantity adequate quality reason needed however many way right water sanitation violated pollution make water unsafe water scarcity lead devastating drought climate crisis often make worse exacerbating lack accessible clean water government company might control water supply way ensure people adequate access human right defender even threatened death speaking right
"We all have the right to education. Education is vital for human fulfilment and personal development, and it also enables us to access and better enjoy other rights, such as work, adequate housing, and a decent standard of living.

The right to education includes lifelong education at all levels (primary, secondary and tertiary), in either formal or informal settings. Primary level education is compulsory and must be provided for free to everyone. At higher levels governments must work towards making it free as well whilst still ensuring it is available and affordable to all.

Governments must prioritize and budget for free, affordable and quality public education, using and maximizing their resources to fund public schools, which are physically accessible and of adequate quality.

When this doesnt happen, it can cause great inequality, such as what Amnesty International found when it investigated in South Africa.",right education education vital human fulfilment personal development also enables u access better enjoy right work adequate housing decent standard living right education includes lifelong education level primary secondary tertiary either formal informal setting primary level education compulsory must provided free everyone higher level government must work towards making free well whilst still ensuring available affordable government must prioritize budget free affordable quality public education using maximizing resource fund public school physically accessible adequate quality doesnt happen cause great inequality amnesty international found investigated south africa
"The right to food is more than just the right to eat enough to not die of starvation. Food should be available in sufficient quantities and be of high enough quality to satisfy everyone eating it, both in terms of health and dietary needs and within a given culture. It should also be affordable and accessible in a way that is sustainable.

In reality however, although there is enough food grown, produced and manufactured around the world for no one to go hungry or suffer from malnutrition, millions of people cannot access adequate and nutritious food on a daily basis due to government failings and multiple crises such as conflict and climate.

There are many ways in which the right to food can be affected by inadequate actions by governments. Food insecurity might be caused by huge rises in prices, or crisis situations might cause humanitarian aid (such as food and water supplies) might be blocked, for example in Ethiopia.",right food right eat enough die starvation food available sufficient quantity high enough quality satisfy everyone eating term health dietary need within given culture also affordable accessible way sustainable reality however although enough food grown produced manufactured around world one go hungry suffer malnutrition million people can not access adequate nutritious food daily basis due government failing multiple crisis conflict climate many way right food affected inadequate action government food insecurity might caused huge rise price crisis situation might cause humanitarian aid food water supply might blocked example ethiopia
"The right to health is closely interwoven with all other human rights. We all have the right to the highest attainable standard of physical and mental health. This includes what we call the social determinants of health, such as a healthy environment, freedom from violence and discrimination, food, housing, sanitation, water, and education and social security.

The right to health is not a right to be healthy, but to entitle everyone access to a health system that allows you to maintain and secure your health. Different groups of people  women, children, older persons, and people living with disabilities  might have specific needs, and governments should ensure these are understood and adequately addressed.

Despite this there are still many instances of health inequity, where some people are not able to access healthcare as easily as others. During the Covid-19 pandemic for example, there was widespread vaccine inequality, when the pharmaceutical industry restricted access to lifesaving vaccines from lower-income countries. Health inequity can also be caused by things like medication shortages, when governments have failed to adequately prepare for healthcare needs by not ensuring supplies are available, or by expensive fees which make accessing care and medicines unaffordable.

Governments can also fail to uphold the right to health by mismanaging public health crises, such as was also seen during the pandemic.",right health closely interwoven human right right highest attainable standard physical mental health includes call social determinant health healthy environment freedom violence discrimination food housing sanitation water education social security right health right healthy entitle everyone access health system allows maintain secure health different group people woman child older person people living disability might specific need government ensure understood adequately addressed despite still many instance health inequity people able access healthcare easily others covid19 pandemic example widespread vaccine inequality pharmaceutical industry restricted access lifesaving vaccine lowerincome country health inequity also caused thing like medication shortage government failed adequately prepare healthcare need ensuring supply available expensive fee make accessing care medicine unaffordable government also fail uphold right health mismanaging public health crisis also seen pandemic
"All of us have the right to adequate housing: a safe and secure place to call our home. You should be legally allowed to live there, and your housing should have access to basic services and infrastructure, such as water and sanitation. It must be affordable, and it must be adequate to protect you and your family from bad weather, disease and pollution.

Nobody should be homeless. According to international human rights law and standards, homelessness is an extreme violation of the right to adequate housing (among other rights).

Unfortunately, there are many other ways in which this right is violated, such as people being displaced in conflicts, and via practices such as forced evictions, like those of indigenous people like the Maasai, and by corporations, such as mining companies in the DRC.",u right adequate housing safe secure place call home legally allowed live housing access basic service infrastructure water sanitation must affordable must adequate protect family bad weather disease pollution nobody homeless according international human right law standard homelessness extreme violation right adequate housing among right unfortunately many way right violated people displaced conflict via practice forced eviction like indigenous people like maasai corporation mining company drc
"Everyone has a right to social security. The right to social security is your right to access benefits to help you enjoy an adequate standard of living even when you do not have enough money and are unable to provide for your own basic needs. There are many situations in which you or others might not have enough income to get by without some extra support, including: unemployment, sickness, disability, maternity/paternity, injury, bereavement, and older age.

It is specifically aimed at reducing poverty, and ensuring that everyone can access their right to lead a dignified life, food, health, housing, education, work, and the prevention of social exclusion.

Even in lower-income countries where resources are limited, governments must at very least ensure the existence and operation of a social security system that provides essential support for all who need it. However, there are many places across the globe where governments are failing to provide this for their people.",everyone right social security right social security right access benefit help enjoy adequate standard living even enough money unable provide basic need many situation others might enough income get without extra support including unemployment sickness disability maternitypaternity injury bereavement older age specifically aimed reducing poverty ensuring everyone access right lead dignified life food health housing education work prevention social exclusion even lowerincome country resource limited government must least ensure existence operation social security system provides essential support need however many place across globe government failing provide people
"We all have the right to work, which includes both the rights to work and a set of rights at work (which are sometimes also called labour rights). All workers are protected by these rights whether you work in the formal or informal sector, are a migrant worker, a temporary worker or are self-employed.

Although the right to work is not the right to a job, it is a right to opportunities and conditions that can secure you decent work, enabling an adequate standard of living for you and your family.

Governments should provide support services to help people access work opportunities, and they must also develop ways to increase the number and range of opportunities available. Work opportunities must be available to all people without discrimination. Workers must also be able to form and join unions and engage in collective action.

No one should be forced in any way to work.

However, there is widespread violation of workers rights. Millions of people are forced to work against their will, or work in degrading and unfair conditions, such as in some Amazon warehouses. Others, due to lack of opportunity, have little choice but to take jobs in the gig economy, often meaning long hours, precarious contracts and unreliable pay.

Migrant workers are often among the worst exploited, and people can be manipulated into doing difficult and dangerous jobs with no protections from unscrupulous employers. This can lead to scenarios of what we call forced labour, which is a form of modern slavery.",right work includes right work set right work sometimes also called labour right worker protected right whether work formal informal sector migrant worker temporary worker selfemployed although right work right job right opportunity condition secure decent work enabling adequate standard living family government provide support service help people access work opportunity must also develop way increase number range opportunity available work opportunity must available people without discrimination worker must also able form join union engage collective action one forced way work however widespread violation worker right million people forced work work degrading unfair condition amazon warehouse others due lack opportunity little choice take job gig economy often meaning long hour precarious contract unreliable pay migrant worker often among worst exploited people manipulated difficult dangerous job protection unscrupulous employer lead scenario call forced labour form modern slavery
